{
 "rest": {
  "torso": 0.25519973039627075,
  "leg": 0.5778422448784113,
  "ankL": 0.7205337584018707,
  "ankR": 0.7095713019371033
 },
 "thr": {
  "foot": 0.05,
  "duck": 0.10262446978786377
 },
 "peak": {
  "foot": 0.05154630584931645,
  "duck": 0.18658994506884322
 },
 "left_id": 16,
 "right_id": 15
}